dataset,method,AUPRC,AUROC,elapsed
pbmc-1A-dm,scDblFinder.Py.clusters,0.5230322626259073,0.8206497797356829,154.83291459083557
pbmc-1A-dm,scDblFinder.Py.random,0.5371463004184012,0.8230412208936438,7.395478963851929
