dataset,method,AUPRC,AUROC,elapsed
pdx-MULTI,scDblFinder.Py.clusters,0.44405583304064977,0.7446281685021737,1559.7562155723572
pdx-MULTI,scDblFinder.Py.random,0.42712113759573067,0.7256980622042,41.782023191452026
