dataset,method,AUPRC,AUROC,elapsed
J293t-dm,scDblFinder.Py.clusters,0.2215210789550746,0.5380536494073612,371.2487769126892
J293t-dm,scDblFinder.Py.random,0.17905040342371661,0.48497608650447077,2.283062219619751
