dataset,method,AUPRC,AUROC,elapsed
pbmc-1A-dm,scDblFinder.Py.clusters,0.5230322626259073,0.8206497797356829,155.75456547737122
pbmc-1A-dm,scDblFinder.Py.random,0.5488763622254977,0.8464259492343192,6.08578085899353
