dataset,method,AUPRC,AUROC,elapsed
pbmc-1B-dm,scDblFinder.Py.clusters,0.405994331709141,0.779808743169399,203.86114120483398
pbmc-1B-dm,scDblFinder.Py.random,0.4088490387985724,0.7790815468684321,9.298436641693115
