dataset,method,AUPRC,AUROC,elapsed
pbmc-ch,scDblFinder.Py.clusters,0.6292756241805749,0.8238988225301994,3631.3010866642
pbmc-ch,scDblFinder.Py.random,0.6359685181370816,0.8228120591357606,67.77141380310059
