dataset,method,AUPRC,AUROC,elapsed
hm-12k,scDblFinder.Py.clusters,0.9450624326859826,0.9970457867364628,2644.314712047577
hm-12k,scDblFinder.Py.random,0.8622686306680687,0.9938394688240028,49.76250338554382
