dataset,method,AUPRC,AUROC,elapsed
hm-6k,scDblFinder.Py.clusters,0.9897824837603384,0.9996959240603392,672.0877766609192
hm-6k,scDblFinder.Py.random,0.9090594733002468,0.9978348911716618,11.029677867889404
