dataset,method,AUPRC,AUROC,elapsed
pbmc-1B-dm,scDblFinder.Py.clusters,0.405994331709141,0.779808743169399,208.54638743400574
pbmc-1B-dm,scDblFinder.Py.random,0.3855671693651334,0.781799075241698,7.142730236053467
